"count","results__id","results__type","results__ip","results__user_id","results__date"
"340","1","null","181.39.24.119","1","2020-10-23T15:23:55"
"","2","null","200.93.195.72","1","2020-10-26T21:18:09"
"","4","null","181.39.24.119","16","2020-10-07T22:14:35"
"","5","null","181.39.24.119","17","2020-10-07T22:17:05"
"","6","null","157.100.88.41","17","2020-10-07T22:37:21"
"","7","null","86.106.87.234","16","2020-10-07T22:58:03"
"","8","null","181.39.8.91","1","2020-10-07T22:53:32"
"","9","null","181.199.60.88","17","2020-10-08T00:27:19"
"","10","null","181.199.60.88","1","2020-10-08T00:23:32"
"","11","null","200.93.195.72","16","2020-10-12T22:07:03"
"","12","null","181.39.24.119","18","2020-10-27T21:30:47"
"","13","null","181.39.24.119","19","2020-10-15T19:16:19"
"","14","null","64.46.82.250","19","2020-10-13T03:24:04"
"","15","null","181.39.24.119","3","2020-10-14T18:57:47"
"","16","null","181.39.24.119","20","2020-10-15T21:41:57"
"","17","null","181.39.24.119","71","2020-10-15T21:40:04"
"","18","null","181.39.24.119","147","2020-10-15T21:40:32"
"","19","null","181.39.24.119","66","2020-10-15T21:41:02"
"","20","null","181.39.24.119","414","2020-10-15T21:42:39"
"","21","null","181.198.10.252","20","2020-10-30T21:40:35"
"","22","null","181.39.24.202","18","2020-10-28T00:01:37"
"","23","null","181.198.10.252","19","2020-10-28T12:08:49"
"","24","null","181.198.10.252","1","2020-11-05T17:00:31"
"","25","null","181.198.10.252","188","2020-10-27T05:22:03"
"","26","null","181.198.10.252","328","2020-10-30T22:00:33"
"","27","null","181.198.10.252","102","2020-10-26T16:48:24"
"","28","null","181.198.10.252","428","2020-10-16T06:38:11"
"","29","null","181.198.10.252","106","2020-10-28T05:02:50"
"","30","null","181.198.10.252","241","2020-10-18T05:39:22"
"","31","null","181.198.10.252","89","2020-10-18T01:04:34"
"","32","null","181.198.10.252","200","2020-11-03T07:09:25"
"","33","null","181.198.10.252","201","2020-10-26T16:14:08"
"","34","null","181.198.10.252","204","2020-10-16T17:14:30"
"","35","null","181.198.10.252","202","2020-10-16T18:35:36"
"","36","null","181.198.10.252","203","2020-10-16T08:13:15"
"","37","null","181.198.10.252","183","2020-10-26T05:35:28"
"","38","null","181.198.10.252","108","2020-10-26T04:48:32"
"","39","null","181.198.10.252","228","2020-10-27T03:41:39"
"","40","null","181.198.10.252","276","2020-10-26T16:16:13"
"","41","null","181.198.10.252","105","2020-11-04T21:11:58"
"","42","null","181.198.10.252","223","2020-10-26T04:50:24"
"","43","null","181.198.10.252","389","2020-10-26T05:03:25"
"","44","null","181.198.10.252","419","2020-10-26T15:47:26"
"","45","null","181.198.10.252","177","2020-10-30T11:58:34"
"","46","null","181.198.10.252","289","2020-10-16T14:39:29"
"","47","null","181.198.10.252","302","2020-10-30T23:52:02"
"","48","null","181.198.10.252","194","2020-10-30T13:51:50"
"","49","null","181.198.10.252","314","2020-10-30T22:29:45"
"","50","null","181.198.10.252","249","2020-10-16T23:31:58"
"","51","null","181.198.10.252","316","2020-10-26T03:15:32"
"","52","null","181.198.10.252","95","2020-10-26T12:48:00"
"","53","null","181.198.10.252","224","2020-10-24T01:11:02"
"","54","null","181.198.10.252","54","2020-10-29T08:40:36"
"","55","null","181.198.10.252","55","2020-10-28T17:50:36"
"","56","null","181.198.10.252","206","2020-10-25T16:15:46"
"","57","null","181.198.10.252","189","2020-10-27T20:52:31"
"","58","null","181.198.10.252","220","2020-10-30T10:16:41"
"","59","null","181.198.10.252","388","2020-10-26T17:21:57"
"","60","null","181.198.10.252","75","2020-10-26T04:45:16"
"","61","null","181.198.10.252","317","2020-10-16T20:02:46"
"","62","null","181.198.10.252","148","2020-10-16T15:07:06"
"","63","null","181.198.10.252","411","2020-10-19T14:26:30"
"","64","null","181.198.10.252","343","2020-10-26T00:34:20"
"","65","null","181.198.10.252","123","2020-10-18T03:15:40"
"","66","null","181.198.10.252","96","2020-10-26T05:06:25"
"","67","null","181.198.10.252","392","2020-10-17T05:08:43"
"","68","null","181.198.10.252","213","2020-10-23T21:30:24"
"","69","null","181.198.10.252","417","2020-10-26T12:34:05"
"","70","null","181.198.10.252","211","2020-10-16T19:54:50"
"","71","null","181.198.10.252","395","2020-10-26T05:17:22"
"","72","null","181.198.10.252","348","2020-10-23T18:54:34"
"","73","null","181.198.10.252","111","2020-10-26T04:57:36"
"","74","null","181.198.10.252","341","2020-10-26T00:51:59"
"","75","null","181.198.10.252","305","2020-10-27T14:19:19"
"","76","null","181.198.10.252","73","2020-10-26T05:19:59"
"","77","null","181.198.10.252","278","2020-10-16T13:45:03"
"","78","null","181.198.10.252","319","2020-10-24T02:36:06"
"","79","null","181.198.10.252","253","2020-10-24T01:11:42"
"","80","null","181.198.10.252","196","2020-10-26T23:20:27"
"","81","null","181.198.10.252","304","2020-10-16T19:36:47"
"","82","null","181.198.10.252","147","2020-10-16T18:03:47"
"","83","null","181.198.10.252","303","2020-10-16T23:01:14"
"","84","null","181.198.10.252","408","2020-10-25T15:47:49"
"","85","null","181.198.10.252","74","2020-10-26T06:48:21"
"","86","null","181.198.10.252","418","2020-10-30T01:52:52"
"","87","null","181.198.10.252","275","2020-10-23T18:56:02"
"","88","null","181.198.10.252","345","2020-10-26T13:08:32"
"","89","null","181.198.10.252","342","2020-10-20T01:11:07"
"","90","null","181.198.10.252","394","2020-10-25T13:43:01"
"","91","null","181.198.10.252","63","2020-10-26T04:33:01"
"","92","null","181.198.10.252","393","2020-10-26T12:36:56"
"","93","null","181.198.10.252","406","2020-10-25T23:45:57"
"","94","null","181.198.10.252","192","2020-10-28T18:07:57"
"","95","null","181.198.10.252","193","2020-10-27T05:01:26"
"","96","null","181.198.10.252","98","2020-10-29T19:22:09"
"","97","null","181.198.10.252","262","2020-10-25T04:30:18"
"","98","null","181.198.10.252","281","2020-10-16T20:55:45"
"","99","null","181.198.10.252","173","2020-10-16T15:39:45"
"","100","null","181.198.10.252","146","2020-10-16T19:02:42"
"","101","null","181.198.10.252","260","2020-10-24T21:41:46"
"","102","null","181.198.10.252","101","2020-10-29T17:02:59"
"","103","null","181.198.10.252","162","2020-10-24T03:05:38"
"","104","null","181.198.10.252","230","2020-10-18T06:54:45"
"","105","null","181.198.10.252","113","2020-10-17T06:50:41"
"","106","null","181.198.10.252","353","2020-10-16T22:00:14"
"","107","null","181.198.10.252","212","2020-10-16T14:33:39"
"","108","null","181.198.10.252","210","2020-10-27T03:48:20"
"","109","null","181.198.10.252","270","2020-10-16T14:06:18"
"","110","null","181.198.10.252","409","2020-10-16T22:06:49"
"","111","null","181.198.10.252","240","2020-10-16T14:06:30"
"","112","null","181.198.10.252","313","2020-10-26T18:28:10"
"","113","null","181.198.10.252","209","2020-10-16T14:07:18"
"","114","null","181.198.10.252","116","2020-10-27T21:23:40"
"","115","null","181.198.10.252","61","2020-10-31T00:22:22"
"","116","null","181.198.10.252","66","2020-10-17T12:02:22"
"","117","null","181.198.10.252","103","2020-10-26T02:16:42"
"","118","null","181.198.10.252","149","2020-10-17T00:00:46"
"","119","null","181.198.10.252","243","2020-10-26T14:44:57"
"","120","null","181.198.10.252","51","2020-10-30T21:30:28"
"","121","null","181.198.10.252","312","2020-10-26T23:30:50"
"","122","null","181.198.10.252","94","2020-10-30T02:18:39"
"","123","null","181.198.10.252","299","2020-10-16T17:14:24"
"","124","null","181.198.10.252","284","2020-10-19T16:30:57"
"","125","null","181.198.10.252","280","2020-10-16T14:15:01"
"","126","null","181.198.10.252","117","2020-10-16T18:47:01"
"","127","null","181.198.10.252","414","2020-10-16T14:09:50"
"","128","null","181.198.10.252","273","2020-10-16T15:13:22"
"","129","null","181.198.10.252","239","2020-10-30T14:18:21"
"","130","null","181.198.10.252","125","2020-10-16T19:17:47"
"","131","null","181.198.10.252","214","2020-10-17T04:58:03"
"","132","null","181.198.10.252","318","2020-10-17T16:31:07"
"","133","null","181.198.10.252","331","2020-10-26T16:11:50"
"","134","null","181.198.10.252","404","2020-10-16T20:50:45"
"","135","null","181.198.10.252","99","2020-10-26T05:28:46"
"","136","null","181.198.10.252","130","2020-10-28T20:55:47"
"","137","null","181.198.10.252","410","2020-10-19T19:15:18"
"","138","null","181.198.10.252","252","2020-10-16T17:16:26"
"","139","null","181.198.10.252","163","2020-10-16T14:19:38"
"","140","null","181.198.10.252","277","2020-10-16T14:15:44"
"","141","null","181.198.10.252","290","2020-10-16T14:38:58"
"","142","null","181.198.10.252","346","2020-10-19T14:01:25"
"","143","null","181.198.10.252","169","2020-10-18T08:27:50"
"","144","null","181.198.10.252","363","2020-10-23T21:18:08"
"","145","null","181.198.10.252","56","2020-10-26T12:11:47"
"","146","null","181.198.10.252","112","2020-10-26T04:35:42"
"","147","null","181.198.10.252","339","2020-10-27T02:22:59"
"","148","null","181.198.10.252","237","2020-10-26T05:55:04"
"","149","null","181.198.10.252","352","2020-10-16T23:30:02"
"","150","null","181.198.10.252","233","2020-10-17T18:02:03"
"","151","null","181.198.10.252","100","2020-10-26T02:30:59"
"","152","null","181.198.10.252","77","2020-10-29T00:46:57"
"","153","null","181.198.10.252","216","2020-10-19T00:45:05"
"","154","null","181.198.10.252","208","2020-10-16T14:27:27"
"","155","null","181.198.10.252","337","2020-10-16T14:26:16"
"","156","null","181.198.10.252","133","2020-10-23T22:52:14"
"","157","null","181.198.10.252","136","2020-11-04T16:37:56"
"","158","null","181.198.10.252","244","2020-10-26T12:31:19"
"","159","null","181.198.10.252","261","2020-10-24T06:26:06"
"","160","null","181.198.10.252","178","2020-10-23T18:34:09"
"","161","null","181.198.10.252","258","2020-10-25T17:38:59"
"","162","null","181.198.10.252","259","2020-10-26T00:01:58"
"","163","null","181.198.10.252","172","2020-10-16T15:49:10"
"","164","null","181.198.10.252","356","2020-10-27T03:25:37"
"","165","null","181.198.10.252","257","2020-10-26T15:18:27"
"","166","null","181.198.10.252","405","2020-10-25T04:35:16"
"","167","null","181.198.10.252","78","2020-10-26T21:53:02"
"","168","null","181.198.10.252","232","2020-10-16T17:44:49"
"","169","null","181.198.10.252","378","2020-10-16T14:35:24"
"","170","null","181.198.10.252","379","2020-10-16T14:35:51"
"","171","null","181.198.10.252","402","2020-10-16T18:19:14"
"","172","null","181.198.10.252","350","2020-10-19T01:08:53"
"","173","null","181.198.10.252","400","2020-10-16T17:54:21"
"","174","null","181.198.10.252","362","2020-10-29T03:10:39"
"","175","null","181.198.10.252","340","2020-10-26T06:29:31"
"","176","null","181.198.10.252","221","2020-10-24T02:42:27"
"","177","null","181.198.10.252","309","2020-10-29T00:42:24"
"","178","null","181.198.10.252","231","2020-10-16T22:07:43"
"","179","null","181.198.10.252","182","2020-10-27T03:25:25"
"","180","null","181.198.10.252","315","2020-10-26T05:02:56"
"","181","null","181.198.10.252","164","2020-10-24T00:02:18"
"","182","null","181.198.10.252","120","2020-10-29T03:08:58"
"","183","null","181.198.10.252","165","2020-11-01T20:21:32"
"","184","null","181.198.10.252","215","2020-10-27T17:18:05"
"","185","null","181.198.10.252","132","2020-11-05T15:29:46"
"","186","null","181.198.10.252","365","2020-10-30T06:55:50"
"","187","null","181.198.10.252","184","2020-10-16T15:03:37"
"","188","null","181.198.10.252","368","2020-10-31T02:13:58"
"","189","null","181.198.10.252","174","2020-10-16T19:04:52"
"","190","null","181.198.10.252","119","2020-10-23T00:11:53"
"","191","null","181.198.10.252","354","2020-10-16T16:20:34"
"","192","null","181.198.10.252","219","2020-10-26T15:47:54"
"","193","null","181.198.10.252","295","2020-10-25T15:48:22"
"","194","null","181.198.10.252","311","2020-10-26T13:33:54"
"","195","null","181.198.10.252","166","2020-10-16T15:17:56"
"","196","null","181.198.10.252","62","2020-10-26T04:33:32"
"","197","null","181.198.10.252","357","2020-10-16T18:27:56"
"","198","null","181.198.10.252","283","2020-10-16T22:57:07"
"","199","null","181.198.10.252","282","2020-10-16T15:26:23"
"","200","null","181.198.10.252","68","2020-10-16T16:34:49"
"","201","null","181.198.10.252","60","2020-11-05T16:54:02"
"","202","null","181.198.10.252","70","2020-10-17T07:31:59"
"","203","null","181.198.10.252","91","2020-10-17T17:21:49"
"","204","null","181.198.10.252","320","2020-10-16T21:53:22"
"","205","null","181.198.10.252","274","2020-10-16T15:43:45"
"","206","null","181.198.10.252","154","2020-10-16T20:03:20"
"","207","null","181.198.10.252","390","2020-10-26T18:00:20"
"","208","null","181.198.10.252","310","2020-10-16T17:02:19"
"","209","null","181.198.10.252","247","2020-10-31T03:40:47"
"","210","null","181.198.10.252","279","2020-10-16T15:46:42"
"","211","null","181.198.10.252","131","2020-10-26T00:24:59"
"","212","null","181.198.10.252","76","2020-10-26T20:40:49"
"","213","null","181.198.10.252","415","2020-10-26T21:44:28"
"","214","null","181.198.10.252","227","2020-10-30T18:03:49"
"","215","null","181.198.10.252","144","2020-10-16T20:07:15"
"","216","null","181.198.10.252","90","2020-10-19T01:06:17"
"","217","null","181.198.10.252","229","2020-10-26T20:56:42"
"","218","null","181.198.10.252","107","2020-11-03T21:22:14"
"","219","null","181.198.10.252","264","2020-10-23T15:51:29"
"","220","null","181.198.10.252","129","2020-10-16T16:47:51"
"","221","null","181.198.10.252","72","2020-10-16T16:31:56"
"","222","null","181.198.10.252","197","2020-10-26T04:45:26"
"","223","null","181.198.10.252","407","2020-10-26T16:17:11"
"","224","null","181.198.10.252","179","2020-10-26T16:49:25"
"","225","null","181.198.10.252","168","2020-10-25T20:20:57"
"","226","null","181.198.10.252","83","2020-10-26T04:54:39"
"","227","null","181.198.10.252","64","2020-10-26T05:45:31"
"","228","null","181.198.10.252","151","2020-10-17T17:21:41"
"","229","null","181.198.10.252","385","2020-10-16T17:08:32"
"","230","null","181.198.10.252","181","2020-10-16T18:22:56"
"","231","null","181.198.10.252","84","2020-10-16T17:38:00"
"","232","null","181.198.10.252","225","2020-10-26T00:51:50"
"","233","null","181.198.10.252","152","2020-10-17T15:21:58"
"","234","null","181.198.10.252","52","2020-10-26T15:39:59"
"","235","null","181.198.10.252","80","2020-11-05T00:05:56"
"","236","null","181.198.10.252","323","2020-10-31T01:20:03"
"","237","null","181.198.10.252","160","2020-10-25T05:45:47"
"","238","null","181.198.10.252","298","2020-10-23T20:21:57"
"","239","null","181.198.10.252","88","2020-10-17T19:40:36"
"","240","null","181.198.10.252","161","2020-10-19T01:10:52"
"","241","null","181.198.10.252","272","2020-10-17T00:30:22"
"","242","null","181.198.10.252","187","2020-10-25T01:49:24"
"","243","null","181.198.10.252","308","2020-10-27T05:25:36"
"","244","null","181.198.10.252","327","2020-10-16T20:27:06"
"","245","null","181.198.10.252","167","2020-10-21T23:06:36"
"","246","null","181.198.10.252","324","2020-10-25T20:10:23"
"","247","null","181.198.10.252","326","2020-10-16T22:27:12"
"","248","null","181.198.10.252","358","2020-10-26T16:41:11"
"","249","null","181.198.10.252","110","2020-10-26T11:11:18"
"","250","null","181.198.10.252","145","2020-10-16T22:48:03"
"","251","null","181.198.10.252","371","2020-10-16T23:27:34"
"","252","null","181.198.10.252","381","2020-10-18T14:32:03"
"","253","null","181.198.10.252","256","2020-10-17T00:08:03"
"","254","null","181.198.10.252","380","2020-10-26T23:03:48"
"","255","null","181.198.10.252","294","2020-10-17T03:45:04"
"","256","null","181.198.10.252","265","2020-10-26T04:36:14"
"","257","null","181.198.10.252","376","2020-10-17T05:10:28"
"","258","null","181.198.10.252","190","2020-10-25T22:57:04"
"","259","null","181.198.10.252","307","2020-10-26T04:26:54"
"","260","null","181.198.10.252","198","2020-10-18T18:38:05"
"","261","null","181.198.10.252","469","2020-10-26T00:32:12"
"","262","null","181.198.10.252","442","2020-10-26T21:01:26"
"","263","null","181.198.10.252","85","2020-10-26T23:56:11"
"","264","null","181.198.10.252","436","2020-10-26T13:27:10"
"","265","null","181.198.10.252","470","2020-10-18T02:39:21"
"","266","null","181.198.10.252","473","2020-10-18T02:09:51"
"","267","null","181.198.10.252","349","2020-10-18T05:47:28"
"","268","null","181.198.10.252","86","2020-10-27T11:40:43"
"","269","null","181.198.10.252","170","2020-10-18T13:32:48"
"","270","null","181.198.10.252","185","2020-10-26T19:09:43"
"","271","null","181.198.10.252","93","2020-10-19T10:41:08"
"","272","null","181.198.10.252","369","2020-10-27T01:59:13"
"","273","null","181.198.10.252","246","2020-10-23T20:52:44"
"","274","null","181.198.10.252","434","2020-10-26T13:53:40"
"","275","null","181.198.10.252","439","2020-10-25T21:53:08"
"","276","null","181.198.10.252","217","2020-10-19T01:26:01"
"","277","null","181.198.10.252","440","2020-10-26T17:52:01"
"","278","null","181.198.10.252","124","2020-10-18T23:43:06"
"","279","null","181.198.10.252","17","2020-10-26T03:14:32"
"","280","null","181.198.10.252","92","2020-10-18T23:39:14"
"","281","null","181.198.10.252","359","2020-10-23T21:10:32"
"","282","null","181.198.10.252","464","2020-10-21T04:21:31"
"","283","null","181.198.10.252","195","2020-10-25T21:23:02"
"","284","null","181.198.10.252","205","2020-10-29T21:24:18"
"","285","null","181.198.10.252","433","2020-10-30T02:18:17"
"","286","null","181.198.10.252","322","2020-10-20T02:32:33"
"","287","null","181.198.10.252","477","2020-10-30T19:49:05"
"","288","null","181.198.10.252","82","2020-10-29T19:37:28"
"","289","null","181.198.10.252","373","2020-10-20T02:49:49"
"","290","null","181.198.10.252","251","2020-10-26T22:15:33"
"","291","null","181.198.10.252","285","2020-10-20T15:47:08"
"","292","null","181.198.10.252","478","2020-10-25T20:58:30"
"","293","null","181.198.10.252","245","2020-10-20T16:04:13"
"","294","null","181.198.10.252","175","2020-10-20T18:48:43"
"","295","null","181.198.10.252","351","2020-10-21T02:14:53"
"","296","null","181.198.10.252","465","2020-10-21T01:26:14"
"","297","null","181.198.10.252","127","2020-10-26T02:59:39"
"","298","null","181.198.10.252","59","2020-10-26T05:30:40"
"","299","null","181.198.10.252","435","2020-10-29T00:49:28"
"","300","null","181.198.10.252","462","2020-10-26T04:08:50"
"","301","null","181.198.10.252","412","2020-10-22T20:50:19"
"","302","null","181.198.10.252","366","2020-10-26T03:02:19"
"","303","null","181.198.10.252","53","2020-10-26T04:26:53"
"","304","null","181.198.10.252","364","2020-10-26T14:03:54"
"","305","null","181.198.10.252","430","2020-10-26T00:13:09"
"","306","null","181.198.10.252","334","2020-10-24T03:40:56"
"","307","null","181.198.10.252","222","2020-10-26T18:14:56"
"","308","null","181.198.10.252","336","2020-10-25T03:16:50"
"","309","null","181.198.10.252","332","2020-10-30T14:39:23"
"","310","null","181.198.10.252","474","2020-10-27T14:16:13"
"","311","null","181.198.10.252","301","2020-10-23T22:17:09"
"","312","null","181.198.10.252","483","2020-10-26T13:19:36"
"","313","null","181.198.10.252","18","2020-11-05T17:00:17"
"","314","null","181.198.10.252","333","2020-10-25T04:13:26"
"","315","null","181.198.10.252","495","2020-10-26T23:47:32"
"","316","null","181.198.10.252","497","2020-10-26T05:47:43"
"","317","null","181.198.10.252","367","2020-10-26T05:49:11"
"","318","null","181.198.10.252","496","2020-10-27T22:12:57"
"","319","null","181.198.10.252","500","2020-10-26T11:40:35"
"","320","null","181.198.10.252","501","2020-10-26T14:14:44"
"","321","null","181.198.10.252","420","2020-10-24T02:33:42"
"","322","null","181.198.10.252","502","2020-10-28T23:21:07"
"","323","null","181.198.10.252","499","2020-10-29T00:40:44"
"","324","null","181.198.10.252","306","2020-10-26T05:35:16"
"","325","null","181.198.10.252","383","2020-10-24T02:14:48"
"","326","null","181.198.10.252","503","2020-10-26T16:05:32"
"","327","null","181.198.10.252","413","2020-10-26T12:08:54"
"","328","null","181.198.10.252","504","2020-10-28T15:52:10"
"","329","null","181.198.10.252","330","2020-10-26T05:05:28"
"","330","null","181.198.10.252","266","2020-10-26T02:15:49"
"","331","null","181.198.10.252","493","2020-10-26T03:49:21"
"","332","null","181.198.10.252","505","2020-10-26T15:17:04"
"","333","null","181.198.10.252","134","2020-10-26T02:17:02"
"","334","null","181.198.10.252","191","2020-11-05T03:39:49"
"","335","null","181.198.10.252","427","2020-10-24T17:45:30"
"","336","null","181.198.10.252","481","2020-10-26T17:30:15"
"","337","null","181.198.10.252","238","2020-10-25T03:37:08"
"","338","null","181.198.10.252","507","2020-10-27T02:29:17"
"","339","null","181.198.10.252","506","2020-10-26T01:51:33"
"","340","null","181.198.10.252","508","2020-10-26T18:51:10"
"","341","null","181.198.10.252","109","2020-10-29T15:20:26"
